ERR7459061,ERX7029762
ERR7459060,ERX7029761
ERR7459059,ERX7029760
ERR7459058,ERX7029759
ERR7459057,ERX7029758
ERR7459056,ERX7029757
ERR7459055,ERX7029756
ERR7459054,ERX7029755
ERR7459053,ERX7029754
ERR7459052,ERX7029753
ERR7459051,ERX7029752
ERR7459050,ERX7029751
ERR7459049,ERX7029750
ERR7459048,ERX7029749
ERR7459089,ERX7029790
ERR7459088,ERX7029789
ERR7459087,ERR7459087
ERR7459086,ERX7029787
ERR7459085,ERX7029786
ERR7459084,ERX7029785
ERR7459083,ERX7029784
ERR7459082,ERX7029783
ERR7459081,ERX7029782
ERR7459080,ERX7029781
ERR7459079,ERX7029780
ERR7459078,ERX7029779
ERR7459077,ERX7029778
ERR7459076,ERX7029777
ERR7459075,ERX7029776
ERR7459074,ERX7029775
ERR7459073,ERX7029774
ERR7459072,ERX7029773
ERR7459071,ERX7029772
ERR7459070,ERX7029771
ERR7459069,ERX7029770
ERR7459068,ERX7029769
ERR7459067,ERX7029768
ERR7459066,ERX7029767
ERR7459065,ERX7029766
ERR7459064,ERX7029765
ERR7459063,ERX7029764
ERR7459062,ERX7029763
ERR7747980,ERX7316163
SRR17806429,SRX13968479
SRR17806430,SRX13968478
SRR17806431,SRX13968477
SRR17806432,SRX13968476
SRR17806433,SRX13968475
SRR17806434,SRX13968474
SRR17806435,SRX13968473
SRR17806436,SRX13968472
SRR17806437,SRX13968471
SRR18685846,SRX14786957
SRR7529015,SRX4397328
SRR4051979,SRX2041540
SRR17037945,SRX13227832
SRR6056491,SRX3203310
SRR9933141,SRX6682505
SRR9933173,SRX6682473
SRR9933185,SRX6682461
SRR9933127,SRX6682519
SRR9933142,SRX6682504
SRR9933144,SRX6682502
SRR9933174,SRX6682472
SRR9933177,SRX6682469
SRR9933139,SRX6682507
SRR9933140,SRX6682506
SRR9933145,SRX6682501
SRR9933186,SRX6682460
SRR9933189,SRX6682457
SRR9933149,SRX6682497
SRR9933150,SRX6682496
SRR9933151,SRX6682495
SRR9933152,SRX6682494
SRR9933155,SRX6682491
SRR9933146,SRX6682500
SRR9933153,SRX6682493
SRR9933154,SRX6682492
SRR9933156,SRX6682490
SRR14914973,SRX11229379
SRR9933123,SRX6682523
SRR9933124,SRX6682522
SRR9933125,SRX6682521
SRR9933147,SRX6682499
SRR6958059,SRX3901016
SRR6958060,SRX3901015
SRR8208363,SRX5027551
SRR17970575,SRX14126892
SRR17970586,SRX14126881
SRR17970587,SRX14126880
SRR1158316,SRX465632
SRR15050624,SRX11361047
SRR8208366,SRX5027548
SRR12558616,SRX9047118
SRR12558617,SRX9047117
SRR12558618,SRX9047116
SRR12558619,SRX9047115
SRR12558620,SRX9047114
SRR12558621,SRX9047113
SRR12558622,SRX9047112
SRR12558623,SRX9047111
SRR12558624,SRX9047110
SRR12558625,SRX9047109
SRR12558626,SRX9047108
SRR12558627,SRX9047107
SRR12558628,SRX9047106
SRR12558629,SRX9047105
SRR12558630,SRX9047104
SRR12558631,SRX9047103
SRR12558632,SRX9047102
SRR12702019,SRX9181465
SRR12702020,SRX9181464
SRR12702021,SRX9181463
SRR12702016,SRX9181468
SRR12702017,SRX9181467
SRR12702018,SRX9181466
SRR11593159,SRX8159996
SRR12702013,SRX9181471
SRR12702015,SRX9181469
SRR12702008,SRX9181476
SRR12702009,SRX9181475
SRR12702010,SRX9181474
SRR19025797,SRX15097577
SRR19025798,SRX15097576
SRR12701997,SRX9181487
SRR12701998,SRX9181486
SRR12701999,SRX9181485
SRR17574371,SRX13743578
SRR17574372,SRX13743577
SRR18367044,SRX14501502
SRR18367064,SRX14501482
SRR18367065,SRX14501481
SRR18367042,SRX14501504
SRR15826808,SRX12118770
SRR12117915,SRX8639649
SRR12113912,SRX8636415
SRR18367041,SRX14501505
SRR18367043,SRX14501503
SRR18367053,SRX14501493
SRR20072574,SRX16110601
SRR12113330,SRX8635836
SRR13484478,SRX9897111
SRR13484479,SRX9897110
ERR6351826,ERX5983401
ERR6351825,ERX5983400
SRR12142313,SRX8663387
SRR12142314,SRX8663386
SRR12142315,SRX8663385
SRR486216,SRX142088
SRR13484476,SRX9897113
SRR13484490,SRX9897099
SRR13484482,SRX9897107
SRR13484485,SRX9897104
SRR13484486,SRX9897103
SRR22684613,SRX18646747
SRR22684614,SRX18646746
SRR12640301,SRX9122338
SRR12640302,SRX9122337
SRR12640303,SRX9122336
SRR12640304,SRX9122335
SRR13484808,SRX9897426
SRR16327312,SRX12605117
SRR16327315,SRX12605114
SRR16327316,SRX12605113
SRR16327317,SRX12605112
SRR23951516,SRX19760326
SRR15096507,SRX11406357
SRR23019076,SRX18974896
SRR23019254,SRX18974718
SRR14867315,SRX11184898
SRR14924115,SRX11237334
SRR23019086,SRX18974886
SRR23019235,SRX18974737
SRR23019232,SRX18974740
SRR13627099,SRX10020148
SRR18907695,SRX14985687
SRR7121923,SRX4043472
SRR7121595,SRX4043144
SRR7121569,SRX4043118
SRR7121975,SRX4043524
SRR15440587,SRX11740024